run_id1,run_id2,run_id3
2,123,
3,53,
4,114,
5,54,
6,125,
7,176,19
9,118,159
10,120,
12,,
13,150,
14,247,
16,25,
18,13,
19,36,
21,,
22,210,
25,35,
31,181,
35,48,
36,209,
37,38,
38,39,
39,40,
40,116,
41,78,
43,302,
47,,
48,230,
49,50,
50,51,
51,288,
52,,
53,222,
54,21,
55,179,
56,,
59,,
64,,
70,,
71,,
74,,
78,,
85,,
86,,
87,86,
90,,
91,,
98,217,
114,160,
115,7,
116,,
118,19,
119,118,
120,121,
121,,
123,52,
125,144,
126,147,
127,,
128,,
129,,
130,,
131,,
134,362,
135,,
140,343,
141,,
143,,
144,126,
147,55,
149,,
150,,
151,201,
152,,
159,56,
160,161,
161,,
163,164,
164,,
167,264,
174,,
176,119,
179,217,
181,163,
182,,
183,,
184,,
185,,
186,,
187,,
190,,
191,,
193,194,
194,,
195,,
196,,
197,,
198,202,
200,,
201,,
202,211,
205,208,
206,,
207,,
208,232,
209,22,
210,49,
211,98,
212,,
213,,
214,,
215,,
216,,
217,218,
218,272,
219,,
220,,
221,,
222,,
223,,
224,,
225,,
226,,
229,,
230,115,
231,,
232,,
234,,
235,,
236,,
237,,
238,,
239,,
240,,
241,,
242,,
243,,
244,,
245,294,
246,,
247,59,
248,300,
249,,
250,,
253,266,
254,255,
255,,
259,,
261,201,
262,263,
263,265,
264,,
265,,
266,,
267,,
268,,
269,,
270,,
272,,
273,,
274,,
275,,
276,369,
277,,
278,,
279,,
280,,
282,284,
283,,
284,285,
285,364,
286,287,
287,,
288,289,
289,198,
293,,
294,,
295,,
300,301,
301,,
302,,
336,337,
337,338,
338,,
341,235,
343,344,
344,341,
351,,
352,241,
356,,
358,,
360,,
361,,
362,,
363,,
364,,
365,,
366,,
369,,
370,,
371,,
373,,
374,,
375,,
376,,
377,,
378,,
379,,
380,,
383,,
6666666,,
66666665,66666666,
66666666,66666667,
66666667,,
